ChunkID, Package Name, Class Type, Hard or Soft Chunk, File Size, Other Chunks
0,/UGC3701583/definition,/Script/PavlovProxy.Pavlov_Map,Soft From Unassigned Package? Best Guess: /UGC3701583/definition,820,None
0,/UGC3701583/SVR_GoodTime_Cordon/Block1,/Script/Engine.StaticMesh,Soft From Unassigned Package? Best Guess: /UGC3701583/SVR_GoodTime_Cordon/Block1,9076,None
0,/UGC3701583/SVR_GoodTime_Cordon/Blueprints/AnomTeleport,/Script/Engine.Blueprint,Soft From Unassigned Package? Best Guess: /UGC3701583/SVR_GoodTime_Cordon/Blueprints/AnomTeleport,10249,None
0,/UGC3701583/SVR_GoodTime_Cordon/Blueprints/AnomTeleport,/Script/Engine.BlueprintGeneratedClass,Soft From Unassigned Package? Best Guess: /UGC3701583/SVR_GoodTime_Cordon/Blueprints/AnomTeleport,10249,None
0,/UGC3701583/SVR_GoodTime_Cordon/Blueprints/BushNoise,/Script/Engine.Blueprint,Soft From Unassigned Package? Best Guess: /UGC3701583/SVR_GoodTime_Cordon/Blueprints/BushNoise,10219,None
0,/UGC3701583/SVR_GoodTime_Cordon/Blueprints/BushNoise,/Script/Engine.BlueprintGeneratedClass,Soft From Unassigned Package? Best Guess: /UGC3701583/SVR_GoodTime_Cordon/Blueprints/BushNoise,10219,None
0,/UGC3701583/SVR_GoodTime_Cordon/Blueprints/Door,/Script/Engine.Blueprint,Soft From Unassigned Package? Best Guess: /UGC3701583/SVR_GoodTime_Cordon/Blueprints/Door,10359,None
0,/UGC3701583/SVR_GoodTime_Cordon/Blueprints/Door,/Script/Engine.BlueprintGeneratedClass,Soft From Unassigned Package? Best Guess: /UGC3701583/SVR_GoodTime_Cordon/Blueprints/Door,10359,None
0,/UGC3701583/SVR_GoodTime_Cordon/Blueprints/My_PlayerProxyExample,/Script/Engine.Blueprint,Soft From Unassigned Package? Best Guess: /UGC3701583/SVR_GoodTime_Cordon/Blueprints/My_PlayerProxyExample,6202,None
0,/UGC3701583/SVR_GoodTime_Cordon/Blueprints/My_PlayerProxyExample,/Script/Engine.BlueprintGeneratedClass,Soft From Unassigned Package? Best Guess: /UGC3701583/SVR_GoodTime_Cordon/Blueprints/My_PlayerProxyExample,6202,None
0,/UGC3701583/SVR_GoodTime_Cordon/Blueprints/Noise,/Script/Engine.Blueprint,Soft From Unassigned Package? Best Guess: /UGC3701583/SVR_GoodTime_Cordon/Blueprints/Noise,9160,None
0,/UGC3701583/SVR_GoodTime_Cordon/Blueprints/Noise,/Script/Engine.BlueprintGeneratedClass,Soft From Unassigned Package? Best Guess: /UGC3701583/SVR_GoodTime_Cordon/Blueprints/Noise,9160,None
0,/UGC3701583/SVR_GoodTime_Cordon/Blueprints/StalkFog,/Script/Engine.Blueprint,Soft From Unassigned Package? Best Guess: /UGC3701583/SVR_GoodTime_Cordon/Blueprints/StalkFog,8752,None
0,/UGC3701583/SVR_GoodTime_Cordon/Blueprints/StalkFog,/Script/Engine.BlueprintGeneratedClass,Soft From Unassigned Package? Best Guess: /UGC3701583/SVR_GoodTime_Cordon/Blueprints/StalkFog,8752,None
0,/UGC3701583/SVR_GoodTime_Cordon/Cordon,/Script/Engine.World,Soft From Unassigned Package? Best Guess: /UGC3701583/definition->/UGC3701583/SVR_GoodTime_Cordon/Cordon,5331533,None
0,/UGC3701583/SVR_GoodTime_Cordon/Cordon,/Script/Engine.BlueprintGeneratedClass,Soft From Unassigned Package? Best Guess: /UGC3701583/definition->/UGC3701583/SVR_GoodTime_Cordon/Cordon,5331533,None
0,/UGC3701583/SVR_GoodTime_Cordon/Cordon_BuiltData,/Script/Engine.MapBuildDataRegistry,Soft From Unassigned Package? Best Guess: /UGC3701583/definition->/UGC3701583/SVR_GoodTime_Cordon/Cordon->/UGC3701583/SVR_GoodTime_Cordon/Cordon_BuiltData,14632941,None
0,/UGC3701583/SVR_GoodTime_Cordon/definition,/Script/PavlovProxy.Pavlov_Map,Soft From Unassigned Package? Best Guess: /UGC3701583/definition->/UGC3701583/SVR_GoodTime_Cordon/Cordon->/UGC3701583/SVR_GoodTime_Cordon/definition,1075,None
0,/UGC3701583/SVR_GoodTime_Cordon/Materials/Bark,/Script/Engine.MaterialInstanceConstant,Hard,1209,None
0,/UGC3701583/SVR_GoodTime_Cordon/Materials/Bark_sosna,/Script/Engine.MaterialInstanceConstant,Soft From Unassigned Package? Best Guess: /UGC3701583/SVR_GoodTime_Cordon/Models/Tree5/PineTree->/UGC3701583/SVR_GoodTime_Cordon/Materials/Bark_sosna,1235,None
0,/UGC3701583/SVR_GoodTime_Cordon/Materials/Bush,/Script/Engine.MaterialInstanceConstant,Soft From Unassigned Package? Best Guess: /UGC3701583/definition->/UGC3701583/SVR_GoodTime_Cordon/Cordon->/UGC3701583/SVR_GoodTime_Cordon/Models/Bush/BushBig->/UGC3701583/SVR_GoodTime_Cordon/Materials/Bush,1247,None
0,/UGC3701583/SVR_GoodTime_Cordon/Materials/Bush1Lod,/Script/Engine.MaterialInstanceConstant,Soft From Unassigned Package? Best Guess: /UGC3701583/definition->/UGC3701583/SVR_GoodTime_Cordon/Cordon->/UGC3701583/SVR_GoodTime_Cordon/Models/Bush/BushBig->/UGC3701583/SVR_GoodTime_Cordon/Materials/Bush1Lod,1187,None
0,/UGC3701583/SVR_GoodTime_Cordon/Materials/Crete_schiffer3,/Script/Engine.MaterialInstanceConstant,Soft From Unassigned Package? Best Guess: /UGC3701583/definition->/UGC3701583/SVR_GoodTime_Cordon/Cordon->/UGC3701583/SVR_GoodTime_Cordon/Materials/Crete_schiffer3,1242,None
0,/UGC3701583/SVR_GoodTime_Cordon/Materials/Door2,/Script/Engine.MaterialInstanceConstant,Soft From Unassigned Package? Best Guess: /UGC3701583/definition->/UGC3701583/SVR_GoodTime_Cordon/Cordon->/UGC3701583/SVR_GoodTime_Cordon/Materials/Door2,1210,None
0,/UGC3701583/SVR_GoodTime_Cordon/Materials/Door9,/Script/Engine.MaterialInstanceConstant,Soft From Unassigned Package? Best Guess: /UGC3701583/definition->/UGC3701583/SVR_GoodTime_Cordon/Cordon->/UGC3701583/SVR_GoodTime_Cordon/Materials/Door9,1202,None
0,/UGC3701583/SVR_GoodTime_Cordon/Materials/Elka_sux,/Script/Engine.MaterialInstanceConstant,Soft From Unassigned Package? Best Guess: /UGC3701583/SVR_GoodTime_Cordon/Models/Tree5/Elka->/UGC3701583/SVR_GoodTime_Cordon/Materials/Elka_sux,1199,None
0,/UGC3701583/SVR_GoodTime_Cordon/Materials/Fogg,/Script/Engine.MaterialInstanceConstant,Soft From Unassigned Package? Best Guess: /UGC3701583/SVR_GoodTime_Cordon/Blueprints/StalkFog->/UGC3701583/SVR_GoodTime_Cordon/Materials/Fogg,1325,None
0,/UGC3701583/SVR_GoodTime_Cordon/Materials/Gravel_Ground_xdusfjy/MI_Gravel_Ground_xdusfjy_1K,/Script/Engine.MaterialInstanceConstant,Soft From Unassigned Package? Best Guess: /UGC3701583/SVR_GoodTime_Cordon/Materials/Gravel_Ground_xdusfjy/MI_Gravel_Ground_xdusfjy_1K,1606,None
0,/UGC3701583/SVR_GoodTime_Cordon/Materials/Gravel_Ground_xdusfjy/T_Gravel_Ground_xdusfjy_1K_D,/Script/Engine.Texture2D,Soft From Unassigned Package? Best Guess: /UGC3701583/definition->/UGC3701583/SVR_GoodTime_Cordon/Cordon->/UGC3701583/SVR_GoodTime_Cordon/Materials/Lanscape_Inst->/UGC3701583/SVR_GoodTime_Cordon/Materials/Lanscape->/UGC3701583/SVR_GoodTime_Cordon/Materials/Gravel_Ground_xdusfjy/T_Gravel_Ground_xdusfjy_1K_D,159684,None
0,/UGC3701583/SVR_GoodTime_Cordon/Materials/Gravel_Ground_xdusfjy/T_Gravel_Ground_xdusfjy_1K_N,/Script/Engine.Texture2D,Soft From Unassigned Package? Best Guess: /UGC3701583/definition->/UGC3701583/SVR_GoodTime_Cordon/Cordon->/UGC3701583/SVR_GoodTime_Cordon/Materials/Lanscape_Inst->/UGC3701583/SVR_GoodTime_Cordon/Materials/Lanscape->/UGC3701583/SVR_GoodTime_Cordon/Materials/Gravel_Ground_xdusfjy/T_Gravel_Ground_xdusfjy_1K_N,159690,None
0,/UGC3701583/SVR_GoodTime_Cordon/Materials/Gravel_LayerInfo,/Script/Landscape.LandscapeLayerInfoObject,Soft From Unassigned Package? Best Guess: /UGC3701583/definition->/UGC3701583/SVR_GoodTime_Cordon/Cordon->/UGC3701583/SVR_GoodTime_Cordon/Materials/Gravel_LayerInfo,781,None
0,/UGC3701583/SVR_GoodTime_Cordon/Materials/Grmd_material1,/Script/Engine.Material,Soft From Unassigned Package? Best Guess: /UGC3701583/SVR_GoodTime_Cordon/Materials/Grmd_material1,11391,None
0,/UGC3701583/SVR_GoodTime_Cordon/Materials/Grnd_dirt2,/Script/Engine.MaterialInstanceConstant,Soft From Unassigned Package? Best Guess: /UGC3701583/SVR_GoodTime_Cordon/Materials/Grnd_dirt2,1271,None
0,/UGC3701583/SVR_GoodTime_Cordon/Materials/Grnd_grass1,/Script/Engine.MaterialInstanceConstant,Soft From Unassigned Package? Best Guess: /UGC3701583/SVR_GoodTime_Cordon/Materials/Grnd_grass1,1276,None
0,/UGC3701583/SVR_GoodTime_Cordon/Materials/Grnd_j_asfalt_04a,/Script/Engine.MaterialInstanceConstant,Soft From Unassigned Package? Best Guess: /UGC3701583/SVR_GoodTime_Cordon/Materials/Grnd_j_asfalt_04a,1306,None
0,/UGC3701583/SVR_GoodTime_Cordon/Materials/Grnd_lasdscape/Gravel_Ground_xdusfjy/MI_Gravel_Ground_xdusfjy_1K,/Script/Engine.MaterialInstanceConstant,Soft From Unassigned Package? Best Guess: /UGC3701583/SVR_GoodTime_Cordon/Materials/Grnd_lasdscape/Gravel_Ground_xdusfjy/MI_Gravel_Ground_xdusfjy_1K,1636,None
0,/UGC3701583/SVR_GoodTime_Cordon/Materials/Grnd_lasdscape/Gravel_Ground_xdusfjy/T_Gravel_Ground_xdusfjy_1K_D,/Script/Engine.Texture2D,Soft From Unassigned Package? Best Guess: /UGC3701583/SVR_GoodTime_Cordon/Materials/Grnd_lasdscape/Gravel_Ground_xdusfjy/T_Gravel_Ground_xdusfjy_1K_D,159714,None
0,/UGC3701583/SVR_GoodTime_Cordon/Materials/Grnd_lasdscape/Gravel_Ground_xdusfjy/T_Gravel_Ground_xdusfjy_1K_N,/Script/Engine.Texture2D,Soft From Unassigned Package? Best Guess: /UGC3701583/SVR_GoodTime_Cordon/Materials/Grnd_lasdscape/Gravel_Ground_xdusfjy/T_Gravel_Ground_xdusfjy_1K_N,159720,None
0,/UGC3701583/SVR_GoodTime_Cordon/Materials/Grnd_lasdscape/Gravel_LayerInfo,/Script/Landscape.LandscapeLayerInfoObject,Soft From Unassigned Package? Best Guess: /UGC3701583/SVR_GoodTime_Cordon/Materials/Grnd_lasdscape/Gravel_LayerInfo,811,None
0,/UGC3701583/SVR_GoodTime_Cordon/Materials/Grnd_lasdscape/Mossy_Ground_xiboab2r/MI_Mossy_Ground_xiboab2r_1K,/Script/Engine.MaterialInstanceConstant,Soft From Unassigned Package? Best Guess: /UGC3701583/SVR_GoodTime_Cordon/Materials/Grnd_lasdscape/Mossy_Ground_xiboab2r/MI_Mossy_Ground_xiboab2r_1K,1849,None
0,/UGC3701583/SVR_GoodTime_Cordon/Materials/Grnd_lasdscape/Mossy_Ground_xiboab2r/T_Mossy_Ground_xiboab2r_1K_D,/Script/Engine.Texture2D,Soft From Unassigned Package? Best Guess: /UGC3701583/SVR_GoodTime_Cordon/Materials/Grnd_lasdscape/Mossy_Ground_xiboab2r/T_Mossy_Ground_xiboab2r_1K_D,159714,None
0,/UGC3701583/SVR_GoodTime_Cordon/Materials/Grnd_lasdscape/Mossy_Ground_xiboab2r/T_Mossy_Ground_xiboab2r_1K_N,/Script/Engine.Texture2D,Soft From Unassigned Package? Best Guess: /UGC3701583/SVR_GoodTime_Cordon/Materials/Grnd_lasdscape/Mossy_Ground_xiboab2r/T_Mossy_Ground_xiboab2r_1K_N,159720,None
0,/UGC3701583/SVR_GoodTime_Cordon/Materials/Grnd_lasdscape/Mossy_Ground_xiboab2r/T_MossyGround_xiboab2r_1K_ORDp,/Script/Engine.Texture2D,Soft From Unassigned Package? Best Guess: /UGC3701583/SVR_GoodTime_Cordon/Materials/Grnd_lasdscape/Mossy_Ground_xiboab2r/T_MossyGround_xiboab2r_1K_ORDp,159726,None
0,/UGC3701583/SVR_GoodTime_Cordon/Materials/Grnd_lasdscape/Mossy_LayerInfo,/Script/Landscape.LandscapeLayerInfoObject,Soft From Unassigned Package? Best Guess: /UGC3701583/SVR_GoodTime_Cordon/Materials/Grnd_lasdscape/Mossy_LayerInfo,807,None
0,/UGC3701583/SVR_GoodTime_Cordon/Materials/Grnd_zemlya,/Script/Engine.MaterialInstanceConstant,Soft From Unassigned Package? Best Guess: /UGC3701583/definition->/UGC3701583/SVR_GoodTime_Cordon/Cordon->/UGC3701583/SVR_GoodTime_Cordon/Materials/Grnd_zemlya,1222,None
0,/UGC3701583/SVR_GoodTime_Cordon/Materials/IConcrete,/Script/Engine.MaterialInstanceConstant,Soft From Unassigned Package? Best Guess: /UGC3701583/definition->/UGC3701583/SVR_GoodTime_Cordon/Cordon->/UGC3701583/SVR_GoodTime_Cordon/Materials/IConcrete,1210,None
0,/UGC3701583/SVR_GoodTime_Cordon/Materials/IMetal,/Script/Engine.MaterialInstanceConstant,Soft From Unassigned Package? Best Guess: /UGC3701583/definition->/UGC3701583/SVR_GoodTime_Cordon/Cordon->/UGC3701583/SVR_GoodTime_Cordon/Materials/IMetal,1195,None
0,/UGC3701583/SVR_GoodTime_Cordon/Materials/IWood,/Script/Engine.MaterialInstanceConstant,Soft From Unassigned Package? Best Guess: /UGC3701583/definition->/UGC3701583/SVR_GoodTime_Cordon/Cordon->/UGC3701583/SVR_GoodTime_Cordon/Materials/IWood,1190,None
0,/UGC3701583/SVR_GoodTime_Cordon/Materials/Lanscape,/Script/Engine.Material,Soft From Unassigned Package? Best Guess: /UGC3701583/definition->/UGC3701583/SVR_GoodTime_Cordon/Cordon->/UGC3701583/SVR_GoodTime_Cordon/Materials/Lanscape_Inst->/UGC3701583/SVR_GoodTime_Cordon/Materials/Lanscape,20177,None
0,/UGC3701583/SVR_GoodTime_Cordon/Materials/Lanscape_Inst,/Script/Engine.MaterialInstanceConstant,Soft From Unassigned Package? Best Guess: /UGC3701583/definition->/UGC3701583/SVR_GoodTime_Cordon/Cordon->/UGC3701583/SVR_GoodTime_Cordon/Materials/Lanscape_Inst,912,None
0,/UGC3701583/SVR_GoodTime_Cordon/Materials/Mossy_Ground_vl1lfb3fw/MI_Mossy_Ground_vl1lfb3fw_1K,/Script/Engine.MaterialInstanceConstant,Soft From Unassigned Package? Best Guess: /UGC3701583/SVR_GoodTime_Cordon/Materials/Mossy_Ground_vl1lfb3fw/MI_Mossy_Ground_vl1lfb3fw_1K,1833,None
0,/UGC3701583/SVR_GoodTime_Cordon/Materials/Mossy_Ground_vl1lfb3fw/T_Mossy_Ground_vl1lfb3fw_1K_D,/Script/Engine.Texture2D,Soft From Unassigned Package? Best Guess: /UGC3701583/definition->/UGC3701583/SVR_GoodTime_Cordon/Cordon->/UGC3701583/SVR_GoodTime_Cordon/Materials/Lanscape_Inst->/UGC3701583/SVR_GoodTime_Cordon/Materials/Lanscape->/UGC3701583/SVR_GoodTime_Cordon/Materials/Mossy_Ground_vl1lfb3fw/T_Mossy_Ground_vl1lfb3fw_1K_D,159689,None
0,/UGC3701583/SVR_GoodTime_Cordon/Materials/Mossy_Ground_vl1lfb3fw/T_Mossy_Ground_vl1lfb3fw_1K_N,/Script/Engine.Texture2D,Soft From Unassigned Package? Best Guess: /UGC3701583/SVR_GoodTime_Cordon/Materials/Mossy_Ground_vl1lfb3fw/MI_Mossy_Ground_vl1lfb3fw_1K->/UGC3701583/SVR_GoodTime_Cordon/Materials/Mossy_Ground_vl1lfb3fw/T_Mossy_Ground_vl1lfb3fw_1K_N,159695,None
0,/UGC3701583/SVR_GoodTime_Cordon/Materials/Mossy_Ground_vl1lfb3fw/T_MossyGround_vl1lfb3fw_1K_ORDp,/Script/Engine.Texture2D,Soft From Unassigned Package? Best Guess: /UGC3701583/definition->/UGC3701583/SVR_GoodTime_Cordon/Cordon->/UGC3701583/SVR_GoodTime_Cordon/Materials/Lanscape_Inst->/UGC3701583/SVR_GoodTime_Cordon/Materials/Lanscape->/UGC3701583/SVR_GoodTime_Cordon/Materials/Mossy_Ground_vl1lfb3fw/T_MossyGround_vl1lfb3fw_1K_ORDp,159701,None
0,/UGC3701583/SVR_GoodTime_Cordon/Materials/Mossy_Ground_xiboab2r/MI_Mossy_Ground_xiboab2r_1K,/Script/Engine.MaterialInstanceConstant,Soft From Unassigned Package? Best Guess: /UGC3701583/SVR_GoodTime_Cordon/Materials/Mossy_Ground_xiboab2r/MI_Mossy_Ground_xiboab2r_1K,1819,None
0,/UGC3701583/SVR_GoodTime_Cordon/Materials/Mossy_Ground_xiboab2r/T_Mossy_Ground_xiboab2r_1K_D,/Script/Engine.Texture2D,Soft From Unassigned Package? Best Guess: /UGC3701583/SVR_GoodTime_Cordon/Materials/Grnd_lasdscape/Mossy_Ground_xiboab2r/MI_Mossy_Ground_xiboab2r_1K->/UGC3701583/SVR_GoodTime_Cordon/Materials/Mossy_Ground_xiboab2r/T_Mossy_Ground_xiboab2r_1K_D,159684,None
0,/UGC3701583/SVR_GoodTime_Cordon/Materials/Mossy_Ground_xiboab2r/T_Mossy_Ground_xiboab2r_1K_N,/Script/Engine.Texture2D,Soft From Unassigned Package? Best Guess: /UGC3701583/SVR_GoodTime_Cordon/Materials/Grnd_lasdscape/Mossy_Ground_xiboab2r/MI_Mossy_Ground_xiboab2r_1K->/UGC3701583/SVR_GoodTime_Cordon/Materials/Mossy_Ground_xiboab2r/T_Mossy_Ground_xiboab2r_1K_N,159690,None
0,/UGC3701583/SVR_GoodTime_Cordon/Materials/Mossy_Ground_xiboab2r/T_MossyGround_xiboab2r_1K_ORDp,/Script/Engine.Texture2D,Soft From Unassigned Package? Best Guess: /UGC3701583/SVR_GoodTime_Cordon/Materials/Grnd_lasdscape/Mossy_Ground_xiboab2r/MI_Mossy_Ground_xiboab2r_1K->/UGC3701583/SVR_GoodTime_Cordon/Materials/Mossy_Ground_xiboab2r/T_MossyGround_xiboab2r_1K_ORDp,159696,None
0,/UGC3701583/SVR_GoodTime_Cordon/Materials/Mossy_LayerInfo,/Script/Landscape.LandscapeLayerInfoObject,Soft From Unassigned Package? Best Guess: /UGC3701583/definition->/UGC3701583/SVR_GoodTime_Cordon/Cordon->/UGC3701583/SVR_GoodTime_Cordon/Materials/Mossy_LayerInfo,777,None
0,/UGC3701583/SVR_GoodTime_Cordon/Materials/NewMaterial,/Script/Engine.Material,Soft From Unassigned Package? Best Guess: /UGC3701583/SVR_GoodTime_Cordon/Materials/NewMaterial_Inst->/UGC3701583/SVR_GoodTime_Cordon/Materials/NewMaterial,11382,None
0,/UGC3701583/SVR_GoodTime_Cordon/Materials/NewMaterial_Inst,/Script/Engine.MaterialInstanceConstant,Soft From Unassigned Package? Best Guess: /UGC3701583/SVR_GoodTime_Cordon/Materials/NewMaterial_Inst,927,None
0,/UGC3701583/SVR_GoodTime_Cordon/Materials/Prop_vagon_iov_d,/Script/Engine.MaterialInstanceConstant,Soft From Unassigned Package? Best Guess: /UGC3701583/SVR_GoodTime_Cordon/Materials/Prop_vagon_iov_d,1247,None
0,/UGC3701583/SVR_GoodTime_Cordon/Materials/RadiationSign,/Script/Engine.MaterialInstanceConstant,Soft From Unassigned Package? Best Guess: /UGC3701583/SVR_GoodTime_Cordon/Models/Supply/Radiation-sign->/UGC3701583/SVR_GoodTime_Cordon/Materials/RadiationSign,1222,None
0,/UGC3701583/SVR_GoodTime_Cordon/Materials/RadiationSign3,/Script/Engine.MaterialInstanceConstant,Soft From Unassigned Package? Best Guess: /UGC3701583/SVR_GoodTime_Cordon/Materials/RadiationSign3,1227,None
0,/UGC3701583/SVR_GoodTime_Cordon/Materials/Rusty_Shipping_Container_vl3iaiedy/MI_Rusty_Shipping_Container_vl3iaiedy_1K,/Script/Engine.MaterialInstanceConstant,Soft From Unassigned Package? Best Guess: /UGC3701583/SVR_GoodTime_Cordon/Materials/Rusty_Shipping_Container_vl3iaiedy/MI_Rusty_Shipping_Container_vl3iaiedy_1K,1999,None
0,/UGC3701583/SVR_GoodTime_Cordon/Materials/Rusty_Shipping_Container_vl3iaiedy/T_Rusty_Shipping_Container_vl3iaiedy_1K_D,/Script/Engine.Texture2D,Soft From Unassigned Package? Best Guess: /UGC3701583/definition->/UGC3701583/SVR_GoodTime_Cordon/Cordon->/UGC3701583/SVR_GoodTime_Cordon/Materials/Rusty_Shipping_Container_vl3iaiedy/Wall2->/UGC3701583/SVR_GoodTime_Cordon/Materials/Rusty_Shipping_Container_vl3iaiedy/T_Rusty_Shipping_Container_vl3iaiedy_1K_D,159749,None
0,/UGC3701583/SVR_GoodTime_Cordon/Materials/Rusty_Shipping_Container_vl3iaiedy/T_Rusty_Shipping_Container_vl3iaiedy_1K_Mat,/Script/Engine.Material,Soft From Unassigned Package? Best Guess: /UGC3701583/SVR_GoodTime_Cordon/Materials/Rusty_Shipping_Container_vl3iaiedy/T_Rusty_Shipping_Container_vl3iaiedy_1K_Mat,12431,None
0,/UGC3701583/SVR_GoodTime_Cordon/Materials/Rusty_Shipping_Container_vl3iaiedy/T_Rusty_Shipping_Container_vl3iaiedy_1K_N,/Script/Engine.Texture2D,Soft From Unassigned Package? Best Guess: /UGC3701583/SVR_GoodTime_Cordon/Materials/Rusty_Shipping_Container_vl3iaiedy/T_Rusty_Shipping_Container_vl3iaiedy_1K_Mat->/UGC3701583/SVR_GoodTime_Cordon/Materials/Rusty_Shipping_Container_vl3iaiedy/T_Rusty_Shipping_Container_vl3iaiedy_1K_N,159755,None
0,/UGC3701583/SVR_GoodTime_Cordon/Materials/Rusty_Shipping_Container_vl3iaiedy/T_RustyShippingContainer_vl3iaiedy_1K_ORDp,/Script/Engine.Texture2D,Soft From Unassigned Package? Best Guess: /UGC3701583/SVR_GoodTime_Cordon/Materials/Rusty_Shipping_Container_vl3iaiedy/MI_Rusty_Shipping_Container_vl3iaiedy_1K->/UGC3701583/SVR_GoodTime_Cordon/Materials/Rusty_Shipping_Container_vl3iaiedy/T_RustyShippingContainer_vl3iaiedy_1K_ORDp,159758,None
0,/UGC3701583/SVR_GoodTime_Cordon/Materials/Rusty_Shipping_Container_vl3iaiedy/Wall2,/Script/Engine.Material,Soft From Unassigned Package? Best Guess: /UGC3701583/definition->/UGC3701583/SVR_GoodTime_Cordon/Cordon->/UGC3701583/SVR_GoodTime_Cordon/Materials/Rusty_Shipping_Container_vl3iaiedy/Wall2,19803,None
0,/UGC3701583/SVR_GoodTime_Cordon/Materials/SnowGround,/Script/Engine.MaterialInstanceConstant,Soft From Unassigned Package? Best Guess: /UGC3701583/SVR_GoodTime_Cordon/Blueprints/StalkFog->/UGC3701583/SVR_GoodTime_Cordon/Materials/SnowGround,1417,None
0,/UGC3701583/SVR_GoodTime_Cordon/Materials/StalkerSky,/Script/Engine.MaterialInstanceConstant,Soft From Unassigned Package? Best Guess: /UGC3701583/definition->/UGC3701583/SVR_GoodTime_Cordon/Cordon->/UGC3701583/SVR_GoodTime_Cordon/Materials/StalkerSky,1413,None
0,/UGC3701583/SVR_GoodTime_Cordon/Materials/Ston_beton_ch_15,/Script/Engine.MaterialInstanceConstant,Soft From Unassigned Package? Best Guess: /UGC3701583/definition->/UGC3701583/SVR_GoodTime_Cordon/Cordon->/UGC3701583/SVR_GoodTime_Cordon/Materials/Ston_beton_ch_15,1235,None
0,/UGC3701583/SVR_GoodTime_Cordon/Materials/Ston_br2_iov,/Script/Engine.MaterialInstanceConstant,Soft From Unassigned Package? Best Guess: /UGC3701583/definition->/UGC3701583/SVR_GoodTime_Cordon/Cordon->/UGC3701583/SVR_GoodTime_Cordon/Materials/Ston_br2_iov,1227,None
0,/UGC3701583/SVR_GoodTime_Cordon/Materials/Ston_briks_ch_iov,/Script/Engine.MaterialInstanceConstant,Soft From Unassigned Package? Best Guess: /UGC3701583/definition->/UGC3701583/SVR_GoodTime_Cordon/Cordon->/UGC3701583/SVR_GoodTime_Cordon/Materials/Ston_briks_ch_iov,1252,None
0,/UGC3701583/SVR_GoodTime_Cordon/Materials/Ston_stripes_iov,/Script/Engine.MaterialInstanceConstant,Soft From Unassigned Package? Best Guess: /UGC3701583/definition->/UGC3701583/SVR_GoodTime_Cordon/Cordon->/UGC3701583/SVR_GoodTime_Cordon/Materials/Ston_stripes_iov,1247,None
0,/UGC3701583/SVR_GoodTime_Cordon/Materials/Stone_Wall_vddjdfm/MI_Stone_Wall_vddjdfm_1K,/Script/Engine.MaterialInstanceConstant,Soft From Unassigned Package? Best Guess: /UGC3701583/SVR_GoodTime_Cordon/Materials/Stone_Wall_vddjdfm/MI_Stone_Wall_vddjdfm_1K,1777,None
0,/UGC3701583/SVR_GoodTime_Cordon/Materials/Stone_Wall_vddjdfm/T_Stone_Wall_vddjdfm_1K_D,/Script/Engine.Texture2D,Soft From Unassigned Package? Best Guess: /UGC3701583/SVR_GoodTime_Cordon/Materials/Stone_Wall_vddjdfm/MI_Stone_Wall_vddjdfm_1K->/UGC3701583/SVR_GoodTime_Cordon/Materials/Stone_Wall_vddjdfm/T_Stone_Wall_vddjdfm_1K_D,159669,None
0,/UGC3701583/SVR_GoodTime_Cordon/Materials/Stone_Wall_vddjdfm/T_Stone_Wall_vddjdfm_1K_N,/Script/Engine.Texture2D,Soft From Unassigned Package? Best Guess: /UGC3701583/SVR_GoodTime_Cordon/Materials/Stone_Wall_vddjdfm/MI_Stone_Wall_vddjdfm_1K->/UGC3701583/SVR_GoodTime_Cordon/Materials/Stone_Wall_vddjdfm/T_Stone_Wall_vddjdfm_1K_N,159675,None
0,/UGC3701583/SVR_GoodTime_Cordon/Materials/Stone_Wall_vddjdfm/T_StoneWall_vddjdfm_1K_ORDp,/Script/Engine.Texture2D,Soft From Unassigned Package? Best Guess: /UGC3701583/SVR_GoodTime_Cordon/Materials/Stone_Wall_vddjdfm/MI_Stone_Wall_vddjdfm_1K->/UGC3701583/SVR_GoodTime_Cordon/Materials/Stone_Wall_vddjdfm/T_StoneWall_vddjdfm_1K_ORDp,159681,None
0,/UGC3701583/SVR_GoodTime_Cordon/Materials/Stone_Wall_vddjdfm/Wall,/Script/Engine.Material,Soft From Unassigned Package? Best Guess: /UGC3701583/SVR_GoodTime_Cordon/Materials/Stone_Wall_vddjdfm/Wall,15308,None
0,/UGC3701583/SVR_GoodTime_Cordon/Materials/Trash,/Script/Engine.MaterialInstanceConstant,Soft From Unassigned Package? Best Guess: /UGC3701583/SVR_GoodTime_Cordon/Materials/Trash,1262,None
0,/UGC3701583/SVR_GoodTime_Cordon/Materials/Tree1Lod,/Script/Engine.MaterialInstanceConstant,Soft From Unassigned Package? Best Guess: /UGC3701583/definition->/UGC3701583/SVR_GoodTime_Cordon/Cordon->/UGC3701583/SVR_GoodTime_Cordon/Models/Tree1/Tree1->/UGC3701583/SVR_GoodTime_Cordon/Materials/Tree1Lod,1187,None
0,/UGC3701583/SVR_GoodTime_Cordon/Materials/Tree3Lod,/Script/Engine.MaterialInstanceConstant,Soft From Unassigned Package? Best Guess: /UGC3701583/definition->/UGC3701583/SVR_GoodTime_Cordon/Cordon->/UGC3701583/SVR_GoodTime_Cordon/Models/Tree3/tree3->/UGC3701583/SVR_GoodTime_Cordon/Materials/Tree3Lod,1181,None
0,/UGC3701583/SVR_GoodTime_Cordon/Materials/Tree_sosna,/Script/Engine.MaterialInstanceConstant,Soft From Unassigned Package? Best Guess: /UGC3701583/SVR_GoodTime_Cordon/Materials/Tree_sosna,1199,None
0,/UGC3701583/SVR_GoodTime_Cordon/Materials/Trees_vetkabig,/Script/Engine.MaterialInstanceConstant,Soft From Unassigned Package? Best Guess: /UGC3701583/definition->/UGC3701583/SVR_GoodTime_Cordon/Cordon->/UGC3701583/SVR_GoodTime_Cordon/Models/Tree3/tree3->/UGC3701583/SVR_GoodTime_Cordon/Materials/Trees_vetkabig,1217,None
0,/UGC3701583/SVR_GoodTime_Cordon/Materials/Veh_bochka_pricep,/Script/Engine.MaterialInstanceConstant,Soft From Unassigned Package? Best Guess: /UGC3701583/definition->/UGC3701583/SVR_GoodTime_Cordon/Cordon->/UGC3701583/SVR_GoodTime_Cordon/Models/Merged/Base1->/UGC3701583/SVR_GoodTime_Cordon/Materials/Veh_bochka_pricep,1252,None
0,/UGC3701583/SVR_GoodTime_Cordon/Materials/Veh_ekskavator,/Script/Engine.MaterialInstanceConstant,Soft From Unassigned Package? Best Guess: /UGC3701583/SVR_GoodTime_Cordon/Models/Merged/SM_MERGED_Tractor_11->/UGC3701583/SVR_GoodTime_Cordon/Materials/Veh_ekskavator,1237,None
0,/UGC3701583/SVR_GoodTime_Cordon/Materials/Veh_ekskavator_kovsh,/Script/Engine.MaterialInstanceConstant,Soft From Unassigned Package? Best Guess: /UGC3701583/SVR_GoodTime_Cordon/Models/Merged/SM_MERGED_Tractor_11->/UGC3701583/SVR_GoodTime_Cordon/Materials/Veh_ekskavator_kovsh,1267,None
0,/UGC3701583/SVR_GoodTime_Cordon/Materials/Veh_kamaz_u_br,/Script/Engine.MaterialInstanceConstant,Soft From Unassigned Package? Best Guess: /UGC3701583/definition->/UGC3701583/SVR_GoodTime_Cordon/Cordon->/UGC3701583/SVR_GoodTime_Cordon/Materials/Veh_kamaz_u_br,1237,None
0,/UGC3701583/SVR_GoodTime_Cordon/Materials/Veh_lada_br,/Script/Engine.MaterialInstanceConstant,Soft From Unassigned Package? Best Guess: /UGC3701583/definition->/UGC3701583/SVR_GoodTime_Cordon/Cordon->/UGC3701583/SVR_GoodTime_Cordon/Models/Merged/Base2_veh_merged->/UGC3701583/SVR_GoodTime_Cordon/Materials/Veh_lada_br,1222,None
0,/UGC3701583/SVR_GoodTime_Cordon/Materials/Veh_molokovoz,/Script/Engine.MaterialInstanceConstant,Soft From Unassigned Package? Best Guess: /UGC3701583/definition->/UGC3701583/SVR_GoodTime_Cordon/Cordon->/UGC3701583/SVR_GoodTime_Cordon/Models/Merged/Base2_veh_merged->/UGC3701583/SVR_GoodTime_Cordon/Materials/Veh_molokovoz,1232,None
0,/UGC3701583/SVR_GoodTime_Cordon/Materials/Veh_uaz_2,/Script/Engine.MaterialInstanceConstant,Soft From Unassigned Package? Best Guess: /UGC3701583/definition->/UGC3701583/SVR_GoodTime_Cordon/Cordon->/UGC3701583/SVR_GoodTime_Cordon/Models/Merged/Base2_veh_merged->/UGC3701583/SVR_GoodTime_Cordon/Materials/Veh_uaz_2,1204,None
0,/UGC3701583/SVR_GoodTime_Cordon/Materials/Veh_uazik,/Script/Engine.MaterialInstanceConstant,Soft From Unassigned Package? Best Guess: /UGC3701583/definition->/UGC3701583/SVR_GoodTime_Cordon/Cordon->/UGC3701583/SVR_GoodTime_Cordon/Models/Merged/Base0->/UGC3701583/SVR_GoodTime_Cordon/Materials/Veh_uazik,1220,None
0,/UGC3701583/SVR_GoodTime_Cordon/Materials/Veh_vagon1_01,/Script/Engine.MaterialInstanceConstant,Soft From Unassigned Package? Best Guess: /UGC3701583/SVR_GoodTime_Cordon/Models/Merged/SM_MERGED_Tractor_11->/UGC3701583/SVR_GoodTime_Cordon/Materials/Veh_vagon1_01,1232,None
0,/UGC3701583/SVR_GoodTime_Cordon/Materials/Veh_vagoni_cpm,/Script/Engine.MaterialInstanceConstant,Soft From Unassigned Package? Best Guess: /UGC3701583/SVR_GoodTime_Cordon/Models/Merged/SM_MERGED_Tractor_11->/UGC3701583/SVR_GoodTime_Cordon/Materials/Veh_vagoni_cpm,1237,None
0,/UGC3701583/SVR_GoodTime_Cordon/Materials/Zil,/Script/Engine.MaterialInstanceConstant,Soft From Unassigned Package? Best Guess: /UGC3701583/definition->/UGC3701583/SVR_GoodTime_Cordon/Cordon->/UGC3701583/SVR_GoodTime_Cordon/Models/Merged/Base1->/UGC3701583/SVR_GoodTime_Cordon/Materials/Zil,1190,None
0,/UGC3701583/SVR_GoodTime_Cordon/Models/Builder/Base1_normal_897,/Script/Engine.StaticMesh,Soft From Unassigned Package? Best Guess: /UGC3701583/SVR_GoodTime_Cordon/Models/Builder/Base1_normal_897,1620575,None
0,/UGC3701583/SVR_GoodTime_Cordon/Models/Builder/Base1_normal_6168,/Script/Engine.StaticMesh,Soft From Unassigned Package? Best Guess: /UGC3701583/definition->/UGC3701583/SVR_GoodTime_Cordon/Cordon->/UGC3701583/SVR_GoodTime_Cordon/Models/Builder/Base1_normal_6168,1329906,None
0,/UGC3701583/SVR_GoodTime_Cordon/Models/Builder/Base1_normal_6216,/Script/Engine.StaticMesh,Soft From Unassigned Package? Best Guess: /UGC3701583/definition->/UGC3701583/SVR_GoodTime_Cordon/Cordon->/UGC3701583/SVR_GoodTime_Cordon/Models/Builder/Base1_normal_6216,1960045,None
0,/UGC3701583/SVR_GoodTime_Cordon/Models/Builder/Base1_normal_6259,/Script/Engine.StaticMesh,Soft From Unassigned Package? Best Guess: /UGC3701583/definition->/UGC3701583/SVR_GoodTime_Cordon/Cordon->/UGC3701583/SVR_GoodTime_Cordon/Models/Builder/Base1_normal_6259,3108819,None
0,/UGC3701583/SVR_GoodTime_Cordon/Models/Builder/Base1_normal_6291,/Script/Engine.StaticMesh,Soft From Unassigned Package? Best Guess: /UGC3701583/definition->/UGC3701583/SVR_GoodTime_Cordon/Cordon->/UGC3701583/SVR_GoodTime_Cordon/Models/Builder/Base1_normal_6291,871025,None
0,/UGC3701583/SVR_GoodTime_Cordon/Models/Builder/Base45_normal_6744,/Script/Engine.StaticMesh,Soft From Unassigned Package? Best Guess: /UGC3701583/SVR_GoodTime_Cordon/Models/Builder/Base45_normal_6744,2602529,None
0,/UGC3701583/SVR_GoodTime_Cordon/Models/Builder/Base45_normal_7373,/Script/Engine.StaticMesh,Soft From Unassigned Package? Best Guess: /UGC3701583/definition->/UGC3701583/SVR_GoodTime_Cordon/Cordon->/UGC3701583/SVR_GoodTime_Cordon/Models/Builder/Base45_normal_7373,1422863,None
0,/UGC3701583/SVR_GoodTime_Cordon/Models/Builder/Base45_normal_091,/Script/Engine.StaticMesh,Soft From Unassigned Package? Best Guess: /UGC3701583/SVR_GoodTime_Cordon/Models/Builder/Base45_normal_091,2456607,None
0,/UGC3701583/SVR_GoodTime_Cordon/Models/Builder/Base45_progressive_091,/Script/Engine.StaticMesh,Soft From Unassigned Package? Best Guess: /UGC3701583/definition->/UGC3701583/SVR_GoodTime_Cordon/Cordon->/UGC3701583/SVR_GoodTime_Cordon/Models/Builder/Base45_progressive_091,1837471,None
0,/UGC3701583/SVR_GoodTime_Cordon/Models/Builder/Bridge_normal_6523,/Script/Engine.StaticMesh,Soft From Unassigned Package? Best Guess: /UGC3701583/SVR_GoodTime_Cordon/Models/Builder/Bridge_normal_6523,2699595,None
0,/UGC3701583/SVR_GoodTime_Cordon/Models/Builder/Bridge_normal_6564,/Script/Engine.StaticMesh,Soft From Unassigned Package? Best Guess: /UGC3701583/SVR_GoodTime_Cordon/Models/Builder/Bridge_normal_6564,475120,None
0,/UGC3701583/SVR_GoodTime_Cordon/Models/Builder/BridgeDown,/Script/Engine.StaticMesh,Soft From Unassigned Package? Best Guess: /UGC3701583/SVR_GoodTime_Cordon/Models/Builder/BridgeDown,1031758,None
0,/UGC3701583/SVR_GoodTime_Cordon/Models/Builder/Ceemps,/Script/Engine.StaticMesh,Soft From Unassigned Package? Best Guess: /UGC3701583/SVR_GoodTime_Cordon/Models/Builder/Ceemps,914265,None
0,/UGC3701583/SVR_GoodTime_Cordon/Models/Builder/House2Soffa,/Script/Engine.StaticMesh,Soft From Unassigned Package? Best Guess: /UGC3701583/SVR_GoodTime_Cordon/Models/Builder/House2Soffa,1066959,None
0,/UGC3701583/SVR_GoodTime_Cordon/Models/Builder/House69_House6,/Script/Engine.StaticMesh,Soft From Unassigned Package? Best Guess: /UGC3701583/definition->/UGC3701583/SVR_GoodTime_Cordon/Cordon->/UGC3701583/SVR_GoodTime_Cordon/Models/Builder/House69_House6,3535123,None
0,/UGC3701583/SVR_GoodTime_Cordon/Models/Builder/House69_House9,/Script/Engine.StaticMesh,Soft From Unassigned Package? Best Guess: /UGC3701583/definition->/UGC3701583/SVR_GoodTime_Cordon/Cordon->/UGC3701583/SVR_GoodTime_Cordon/Models/Builder/House69_House9,1380378,None
0,/UGC3701583/SVR_GoodTime_Cordon/Models/Builder/House7,/Script/Engine.StaticMesh,Soft From Unassigned Package? Best Guess: /UGC3701583/definition->/UGC3701583/SVR_GoodTime_Cordon/Cordon->/UGC3701583/SVR_GoodTime_Cordon/Models/Builder/House7,979278,None
0,/UGC3701583/SVR_GoodTime_Cordon/Models/Builder/House8,/Script/Engine.StaticMesh,Soft From Unassigned Package? Best Guess: /UGC3701583/definition->/UGC3701583/SVR_GoodTime_Cordon/Cordon->/UGC3701583/SVR_GoodTime_Cordon/Models/Builder/House8,1280483,None
0,/UGC3701583/SVR_GoodTime_Cordon/Models/Builder/Pillars,/Script/Engine.StaticMesh,Soft From Unassigned Package? Best Guess: /UGC3701583/SVR_GoodTime_Cordon/Models/Builder/Pillars,1281372,None
0,/UGC3701583/SVR_GoodTime_Cordon/Models/Builder/Rails,/Script/Engine.StaticMesh,Soft From Unassigned Package? Best Guess: /UGC3701583/SVR_GoodTime_Cordon/Models/Builder/Rails,344279,None
0,/UGC3701583/SVR_GoodTime_Cordon/Models/Builder/Tunnels,/Script/Engine.StaticMesh,Soft From Unassigned Package? Best Guess: /UGC3701583/SVR_GoodTime_Cordon/Models/Builder/Tunnels,250645,None
0,/UGC3701583/SVR_GoodTime_Cordon/Models/Builder/Walls,/Script/Engine.StaticMesh,Soft From Unassigned Package? Best Guess: /UGC3701583/SVR_GoodTime_Cordon/Models/Builder/Walls,1185616,None
0,/UGC3701583/SVR_GoodTime_Cordon/Models/Bush/BushBig,/Script/Engine.StaticMesh,Soft From Unassigned Package? Best Guess: /UGC3701583/definition->/UGC3701583/SVR_GoodTime_Cordon/Cordon->/UGC3701583/SVR_GoodTime_Cordon/Models/Bush/BushBig,32512,None
0,/UGC3701583/SVR_GoodTime_Cordon/Models/Bush/BushTree,/Script/Engine.StaticMesh,Soft From Unassigned Package? Best Guess: /UGC3701583/SVR_GoodTime_Cordon/Models/Bush/BushTree,16405,None
0,/UGC3701583/SVR_GoodTime_Cordon/Models/Fireplace/Box,/Script/Engine.StaticMesh,Soft From Unassigned Package? Best Guess: /UGC3701583/SVR_GoodTime_Cordon/Models/Fireplace/Box,29527,None
0,/UGC3701583/SVR_GoodTime_Cordon/Models/Merged/Base0,/Script/Engine.StaticMesh,Soft From Unassigned Package? Best Guess: /UGC3701583/definition->/UGC3701583/SVR_GoodTime_Cordon/Cordon->/UGC3701583/SVR_GoodTime_Cordon/Models/Merged/Base0,903236,None
0,/UGC3701583/SVR_GoodTime_Cordon/Models/Merged/Base1,/Script/Engine.StaticMesh,Soft From Unassigned Package? Best Guess: /UGC3701583/definition->/UGC3701583/SVR_GoodTime_Cordon/Cordon->/UGC3701583/SVR_GoodTime_Cordon/Models/Merged/Base1,1429750,None
0,/UGC3701583/SVR_GoodTime_Cordon/Models/Merged/Base2,/Script/Engine.StaticMesh,Soft From Unassigned Package? Best Guess: /UGC3701583/SVR_GoodTime_Cordon/Models/Merged/Base2,1040851,None
0,/UGC3701583/SVR_GoodTime_Cordon/Models/Merged/Base2_veh_merged,/Script/Engine.StaticMesh,Soft From Unassigned Package? Best Guess: /UGC3701583/definition->/UGC3701583/SVR_GoodTime_Cordon/Cordon->/UGC3701583/SVR_GoodTime_Cordon/Models/Merged/Base2_veh_merged,982378,None
0,/UGC3701583/SVR_GoodTime_Cordon/Models/Merged/MERGED_Fireplaces,/Script/Engine.StaticMesh,Soft From Unassigned Package? Best Guess: /UGC3701583/SVR_GoodTime_Cordon/Models/Merged/MERGED_Fireplaces,1763007,None
0,/UGC3701583/SVR_GoodTime_Cordon/Models/Merged/SM_MERGED_Radiation-sign2_938,/Script/Engine.StaticMesh,Soft From Unassigned Package? Best Guess: /UGC3701583/SVR_GoodTime_Cordon/Models/Merged/SM_MERGED_Radiation-sign2_938,198501,None
0,/UGC3701583/SVR_GoodTime_Cordon/Models/Merged/SM_MERGED_Tractor_11,/Script/Engine.StaticMesh,Soft From Unassigned Package? Best Guess: /UGC3701583/SVR_GoodTime_Cordon/Models/Merged/SM_MERGED_Tractor_11,1263691,None
0,/UGC3701583/SVR_GoodTime_Cordon/Models/Skins/CMP_GlobalInfoExample1,/Script/Engine.Blueprint,Soft From Unassigned Package? Best Guess: /UGC3701583/definition->/UGC3701583/SVR_GoodTime_Cordon/Cordon->/UGC3701583/SVR_GoodTime_Cordon/Models/Skins/CMP_GlobalInfoExample1,2309,None
0,/UGC3701583/SVR_GoodTime_Cordon/Models/Skins/CMP_GlobalInfoExample1,/Script/Engine.BlueprintGeneratedClass,Soft From Unassigned Package? Best Guess: /UGC3701583/definition->/UGC3701583/SVR_GoodTime_Cordon/Cordon->/UGC3701583/SVR_GoodTime_Cordon/Models/Skins/CMP_GlobalInfoExample1,2309,None
0,/UGC3701583/SVR_GoodTime_Cordon/Models/Skins/PlayerSkinTable,/Script/Engine.DataTable,Soft From Unassigned Package? Best Guess: /UGC3701583/definition->/UGC3701583/SVR_GoodTime_Cordon/Cordon->/UGC3701583/SVR_GoodTime_Cordon/Models/Skins/CMP_GlobalInfoExample1->/UGC3701583/SVR_GoodTime_Cordon/Models/Skins/PlayerSkinTable,854,None
0,/UGC3701583/SVR_GoodTime_Cordon/Models/Supply/Radiation-sign,/Script/Engine.StaticMesh,Soft From Unassigned Package? Best Guess: /UGC3701583/SVR_GoodTime_Cordon/Models/Supply/Radiation-sign,6398,None
0,/UGC3701583/SVR_GoodTime_Cordon/Models/Terrain/TerrainMiddle,/Script/Engine.StaticMesh,Soft From Unassigned Package? Best Guess: /UGC3701583/SVR_GoodTime_Cordon/Models/Terrain/TerrainMiddle,2201760,None
0,/UGC3701583/SVR_GoodTime_Cordon/Models/Tree1/Tree1,/Script/Engine.StaticMesh,Soft From Unassigned Package? Best Guess: /UGC3701583/definition->/UGC3701583/SVR_GoodTime_Cordon/Cordon->/UGC3701583/SVR_GoodTime_Cordon/Models/Tree1/Tree1,92807,None
0,/UGC3701583/SVR_GoodTime_Cordon/Models/Tree3/tree3,/Script/Engine.StaticMesh,Soft From Unassigned Package? Best Guess: /UGC3701583/definition->/UGC3701583/SVR_GoodTime_Cordon/Cordon->/UGC3701583/SVR_GoodTime_Cordon/Models/Tree3/tree3,44743,None
0,/UGC3701583/SVR_GoodTime_Cordon/Models/Tree5/Door,/Script/Engine.StaticMesh,Soft From Unassigned Package? Best Guess: /UGC3701583/SVR_GoodTime_Cordon/Blueprints/Door->/UGC3701583/SVR_GoodTime_Cordon/Models/Tree5/Door,11685,None
0,/UGC3701583/SVR_GoodTime_Cordon/Models/Tree5/Elka,/Script/Engine.StaticMesh,Soft From Unassigned Package? Best Guess: /UGC3701583/SVR_GoodTime_Cordon/Models/Tree5/Elka,40305,None
0,/UGC3701583/SVR_GoodTime_Cordon/Models/Tree5/Elka_bark,/Script/Engine.MaterialInstanceConstant,Soft From Unassigned Package? Best Guess: /UGC3701583/SVR_GoodTime_Cordon/Models/Tree5/Elka->/UGC3701583/SVR_GoodTime_Cordon/Models/Tree5/Elka_bark,1228,None
0,/UGC3701583/SVR_GoodTime_Cordon/Models/Tree5/PineTree,/Script/Engine.StaticMesh,Soft From Unassigned Package? Best Guess: /UGC3701583/SVR_GoodTime_Cordon/Models/Tree5/PineTree,81746,None
0,/UGC3701583/SVR_GoodTime_Cordon/Models/Vagon1,/Script/Engine.StaticMesh,Soft From Unassigned Package? Best Guess: /UGC3701583/SVR_GoodTime_Cordon/Models/Vagon1,289307,None
0,/UGC3701583/SVR_GoodTime_Cordon/Models/Vagoni,/Script/Engine.StaticMesh,Soft From Unassigned Package? Best Guess: /UGC3701583/SVR_GoodTime_Cordon/Models/Vagoni,207306,None
0,/UGC3701583/SVR_GoodTime_Cordon/Rail2,/Script/Engine.StaticMesh,Soft From Unassigned Package? Best Guess: /UGC3701583/SVR_GoodTime_Cordon/Rail2,54860,None
0,/UGC3701583/SVR_GoodTime_Cordon/Sounds/650f9f918d849ea,/Script/Engine.SoundWave,Soft From Unassigned Package? Best Guess: /UGC3701583/SVR_GoodTime_Cordon/Blueprints/BushNoise->/UGC3701583/SVR_GoodTime_Cordon/Sounds/650f9f918d849ea,28744,None
0,/UGC3701583/SVR_GoodTime_Cordon/Textures/bark,/Script/Engine.Texture2D,Soft From Unassigned Package? Best Guess: /UGC3701583/SVR_GoodTime_Cordon/Textures/bark,2282321,None
0,/UGC3701583/SVR_GoodTime_Cordon/Textures/Bush2Lod,/Script/Engine.Texture2D,Soft From Unassigned Package? Best Guess: /UGC3701583/definition->/UGC3701583/SVR_GoodTime_Cordon/Cordon->/UGC3701583/SVR_GoodTime_Cordon/Models/Bush/BushBig->/UGC3701583/SVR_GoodTime_Cordon/Materials/Bush1Lod->/UGC3701583/SVR_GoodTime_Cordon/Textures/Bush2Lod,11594,None
0,/UGC3701583/SVR_GoodTime_Cordon/Textures/concrete,/Script/Engine.Texture2D,Soft From Unassigned Package? Best Guess: /UGC3701583/definition->/UGC3701583/SVR_GoodTime_Cordon/Cordon->/UGC3701583/SVR_GoodTime_Cordon/Materials/IConcrete->/UGC3701583/SVR_GoodTime_Cordon/Textures/concrete,11594,None
0,/UGC3701583/SVR_GoodTime_Cordon/Textures/crete_schiffer3,/Script/Engine.Texture2D,Soft From Unassigned Package? Best Guess: /UGC3701583/definition->/UGC3701583/SVR_GoodTime_Cordon/Cordon->/UGC3701583/SVR_GoodTime_Cordon/Materials/Crete_schiffer3->/UGC3701583/SVR_GoodTime_Cordon/Textures/crete_schiffer3,41231,None
0,/UGC3701583/SVR_GoodTime_Cordon/Textures/door_gr_iov_01,/Script/Engine.Texture2D,Soft From Unassigned Package? Best Guess: /UGC3701583/definition->/UGC3701583/SVR_GoodTime_Cordon/Cordon->/UGC3701583/SVR_GoodTime_Cordon/Materials/Door2->/UGC3701583/SVR_GoodTime_Cordon/Textures/door_gr_iov_01,159596,None
0,/UGC3701583/SVR_GoodTime_Cordon/Textures/grnd_dirt2,/Script/Engine.Texture2D,Soft From Unassigned Package? Best Guess: /UGC3701583/SVR_GoodTime_Cordon/Materials/Grnd_dirt2->/UGC3701583/SVR_GoodTime_Cordon/Textures/grnd_dirt2,159584,None
0,/UGC3701583/SVR_GoodTime_Cordon/Textures/grnd_grass1,/Script/Engine.Texture2D,Soft From Unassigned Package? Best Guess: /UGC3701583/SVR_GoodTime_Cordon/Textures/grnd_grass1,41219,None
0,/UGC3701583/SVR_GoodTime_Cordon/Textures/grnd_j_asfalt_04a,/Script/Engine.Texture2D,Soft From Unassigned Package? Best Guess: /UGC3701583/SVR_GoodTime_Cordon/Materials/Grnd_j_asfalt_04a->/UGC3701583/SVR_GoodTime_Cordon/Textures/grnd_j_asfalt_04a,159605,None
0,/UGC3701583/SVR_GoodTime_Cordon/Textures/grnd_zemlya,/Script/Engine.Texture2D,Soft From Unassigned Package? Best Guess: /UGC3701583/definition->/UGC3701583/SVR_GoodTime_Cordon/Cordon->/UGC3701583/SVR_GoodTime_Cordon/Materials/Grnd_zemlya->/UGC3701583/SVR_GoodTime_Cordon/Textures/grnd_zemlya,41219,None
0,/UGC3701583/SVR_GoodTime_Cordon/Textures/metal,/Script/Engine.Texture2D,Soft From Unassigned Package? Best Guess: /UGC3701583/definition->/UGC3701583/SVR_GoodTime_Cordon/Cordon->/UGC3701583/SVR_GoodTime_Cordon/Materials/IMetal->/UGC3701583/SVR_GoodTime_Cordon/Textures/metal,41204,None
0,/UGC3701583/SVR_GoodTime_Cordon/Textures/png-transparent-cloud-fog-white-desktop-mist-cloud-white-atmosphere-cloud-thumbnail,/Script/Engine.Texture2D,Soft From Unassigned Package? Best Guess: /UGC3701583/SVR_GoodTime_Cordon/Blueprints/StalkFog->/UGC3701583/SVR_GoodTime_Cordon/Materials/SnowGround->/UGC3701583/SVR_GoodTime_Cordon/Textures/png-transparent-cloud-fog-white-desktop-mist-cloud-white-atmosphere-cloud-thumbnail,1087,None
0,/UGC3701583/SVR_GoodTime_Cordon/Textures/prop_door9,/Script/Engine.Texture2D,Soft From Unassigned Package? Best Guess: /UGC3701583/definition->/UGC3701583/SVR_GoodTime_Cordon/Cordon->/UGC3701583/SVR_GoodTime_Cordon/Materials/Door9->/UGC3701583/SVR_GoodTime_Cordon/Textures/prop_door9,80848,None
0,/UGC3701583/SVR_GoodTime_Cordon/Textures/prop_vagon_iov_d,/Script/Engine.Texture2D,Soft From Unassigned Package? Best Guess: /UGC3701583/SVR_GoodTime_Cordon/Materials/Prop_vagon_iov_d->/UGC3701583/SVR_GoodTime_Cordon/Textures/prop_vagon_iov_d,11618,None
0,/UGC3701583/SVR_GoodTime_Cordon/Textures/sign_bioh,/Script/Engine.Texture2D,Soft From Unassigned Package? Best Guess: /UGC3701583/SVR_GoodTime_Cordon/Materials/RadiationSign3->/UGC3701583/SVR_GoodTime_Cordon/Textures/sign_bioh,11597,None
0,/UGC3701583/SVR_GoodTime_Cordon/Textures/sign_rad,/Script/Engine.Texture2D,Soft From Unassigned Package? Best Guess: /UGC3701583/SVR_GoodTime_Cordon/Models/Supply/Radiation-sign->/UGC3701583/SVR_GoodTime_Cordon/Materials/RadiationSign->/UGC3701583/SVR_GoodTime_Cordon/Textures/sign_rad,11594,None
0,/UGC3701583/SVR_GoodTime_Cordon/Textures/snowtexture,/Script/Engine.Texture2D,Soft From Unassigned Package? Best Guess: /UGC3701583/SVR_GoodTime_Cordon/Textures/snowtexture,159590,None
0,/UGC3701583/SVR_GoodTime_Cordon/Textures/ston_beton_ch_15,/Script/Engine.Texture2D,Soft From Unassigned Package? Best Guess: /UGC3701583/definition->/UGC3701583/SVR_GoodTime_Cordon/Cordon->/UGC3701583/SVR_GoodTime_Cordon/Materials/Ston_beton_ch_15->/UGC3701583/SVR_GoodTime_Cordon/Textures/ston_beton_ch_15,41228,None
0,/UGC3701583/SVR_GoodTime_Cordon/Textures/ston_br2_iov,/Script/Engine.Texture2D,Soft From Unassigned Package? Best Guess: /UGC3701583/definition->/UGC3701583/SVR_GoodTime_Cordon/Cordon->/UGC3701583/SVR_GoodTime_Cordon/Materials/Ston_br2_iov->/UGC3701583/SVR_GoodTime_Cordon/Textures/ston_br2_iov,159590,None
0,/UGC3701583/SVR_GoodTime_Cordon/Textures/ston_briks_ch_iov,/Script/Engine.Texture2D,Soft From Unassigned Package? Best Guess: /UGC3701583/definition->/UGC3701583/SVR_GoodTime_Cordon/Cordon->/UGC3701583/SVR_GoodTime_Cordon/Materials/Ston_briks_ch_iov->/UGC3701583/SVR_GoodTime_Cordon/Textures/ston_briks_ch_iov,159605,None
0,/UGC3701583/SVR_GoodTime_Cordon/Textures/ston_stripes_iov,/Script/Engine.Texture2D,Soft From Unassigned Package? Best Guess: /UGC3701583/definition->/UGC3701583/SVR_GoodTime_Cordon/Cordon->/UGC3701583/SVR_GoodTime_Cordon/Materials/Ston_stripes_iov->/UGC3701583/SVR_GoodTime_Cordon/Textures/ston_stripes_iov,41234,None
0,/UGC3701583/SVR_GoodTime_Cordon/Textures/tree-leaves-texture-png-1-Transparent-Images,/Script/Engine.Texture2D,Soft From Unassigned Package? Best Guess: /UGC3701583/definition->/UGC3701583/SVR_GoodTime_Cordon/Cordon->/UGC3701583/SVR_GoodTime_Cordon/Models/Bush/BushBig->/UGC3701583/SVR_GoodTime_Cordon/Materials/Bush->/UGC3701583/SVR_GoodTime_Cordon/Textures/tree-leaves-texture-png-1-Transparent-Images,41318,None
0,/UGC3701583/SVR_GoodTime_Cordon/Textures/tree1lod,/Script/Engine.Texture2D,Soft From Unassigned Package? Best Guess: /UGC3701583/definition->/UGC3701583/SVR_GoodTime_Cordon/Cordon->/UGC3701583/SVR_GoodTime_Cordon/Models/Tree1/Tree1->/UGC3701583/SVR_GoodTime_Cordon/Materials/Tree1Lod->/UGC3701583/SVR_GoodTime_Cordon/Textures/tree1lod,3818,None
0,/UGC3701583/SVR_GoodTime_Cordon/Textures/Tree7,/Script/Engine.Texture2D,Soft From Unassigned Package? Best Guess: /UGC3701583/definition->/UGC3701583/SVR_GoodTime_Cordon/Cordon->/UGC3701583/SVR_GoodTime_Cordon/Models/Tree3/tree3->/UGC3701583/SVR_GoodTime_Cordon/Materials/Tree3Lod->/UGC3701583/SVR_GoodTime_Cordon/Textures/Tree7,11588,None
0,/UGC3701583/SVR_GoodTime_Cordon/Textures/trees_bark_a_02,/Script/Engine.Texture2D,Hard,11663,None
0,/UGC3701583/SVR_GoodTime_Cordon/Textures/trees_bark_sosna_01,/Script/Engine.Texture2D,Soft From Unassigned Package? Best Guess: /UGC3701583/SVR_GoodTime_Cordon/Models/Tree5/PineTree->/UGC3701583/SVR_GoodTime_Cordon/Materials/Bark_sosna->/UGC3701583/SVR_GoodTime_Cordon/Textures/trees_bark_sosna_01,11675,None
0,/UGC3701583/SVR_GoodTime_Cordon/Textures/trees_elka_sux,/Script/Engine.Texture2D,Soft From Unassigned Package? Best Guess: /UGC3701583/SVR_GoodTime_Cordon/Models/Tree5/Elka->/UGC3701583/SVR_GoodTime_Cordon/Materials/Elka_sux->/UGC3701583/SVR_GoodTime_Cordon/Textures/trees_elka_sux,11612,None
0,/UGC3701583/SVR_GoodTime_Cordon/Textures/trees_elkabark,/Script/Engine.Texture2D,Soft From Unassigned Package? Best Guess: /UGC3701583/SVR_GoodTime_Cordon/Models/Tree5/Elka->/UGC3701583/SVR_GoodTime_Cordon/Models/Tree5/Elka_bark->/UGC3701583/SVR_GoodTime_Cordon/Textures/trees_elkabark,11612,None
0,/UGC3701583/SVR_GoodTime_Cordon/Textures/trees_sosna,/Script/Engine.Texture2D,Soft From Unassigned Package? Best Guess: /UGC3701583/SVR_GoodTime_Cordon/Materials/Tree_sosna->/UGC3701583/SVR_GoodTime_Cordon/Textures/trees_sosna,11603,None
0,/UGC3701583/SVR_GoodTime_Cordon/Textures/trees_vetkabig,/Script/Engine.Texture2D,Soft From Unassigned Package? Best Guess: /UGC3701583/definition->/UGC3701583/SVR_GoodTime_Cordon/Cordon->/UGC3701583/SVR_GoodTime_Cordon/Models/Tree3/tree3->/UGC3701583/SVR_GoodTime_Cordon/Materials/Trees_vetkabig->/UGC3701583/SVR_GoodTime_Cordon/Textures/trees_vetkabig,41228,None
0,/UGC3701583/SVR_GoodTime_Cordon/Textures/veh_bochka_pricep,/Script/Engine.Texture2D,Soft From Unassigned Package? Best Guess: /UGC3701583/definition->/UGC3701583/SVR_GoodTime_Cordon/Cordon->/UGC3701583/SVR_GoodTime_Cordon/Models/Merged/Base1->/UGC3701583/SVR_GoodTime_Cordon/Materials/Veh_bochka_pricep->/UGC3701583/SVR_GoodTime_Cordon/Textures/veh_bochka_pricep,11621,None
0,/UGC3701583/SVR_GoodTime_Cordon/Textures/veh_ekskavator,/Script/Engine.Texture2D,Soft From Unassigned Package? Best Guess: /UGC3701583/SVR_GoodTime_Cordon/Models/Merged/SM_MERGED_Tractor_11->/UGC3701583/SVR_GoodTime_Cordon/Materials/Veh_ekskavator->/UGC3701583/SVR_GoodTime_Cordon/Textures/veh_ekskavator,41228,None
0,/UGC3701583/SVR_GoodTime_Cordon/Textures/veh_ekskavator_kovsh,/Script/Engine.Texture2D,Soft From Unassigned Package? Best Guess: /UGC3701583/SVR_GoodTime_Cordon/Models/Merged/SM_MERGED_Tractor_11->/UGC3701583/SVR_GoodTime_Cordon/Materials/Veh_ekskavator_kovsh->/UGC3701583/SVR_GoodTime_Cordon/Textures/veh_ekskavator_kovsh,21678,None
0,/UGC3701583/SVR_GoodTime_Cordon/Textures/veh_kamaz_u_br,/Script/Engine.Texture2D,Soft From Unassigned Package? Best Guess: /UGC3701583/definition->/UGC3701583/SVR_GoodTime_Cordon/Cordon->/UGC3701583/SVR_GoodTime_Cordon/Materials/Veh_kamaz_u_br->/UGC3701583/SVR_GoodTime_Cordon/Textures/veh_kamaz_u_br,41228,None
0,/UGC3701583/SVR_GoodTime_Cordon/Textures/veh_lada_br,/Script/Engine.Texture2D,Soft From Unassigned Package? Best Guess: /UGC3701583/definition->/UGC3701583/SVR_GoodTime_Cordon/Cordon->/UGC3701583/SVR_GoodTime_Cordon/Models/Merged/Base2_veh_merged->/UGC3701583/SVR_GoodTime_Cordon/Materials/Veh_lada_br->/UGC3701583/SVR_GoodTime_Cordon/Textures/veh_lada_br,11603,None
0,/UGC3701583/SVR_GoodTime_Cordon/Textures/veh_molokovoz,/Script/Engine.Texture2D,Soft From Unassigned Package? Best Guess: /UGC3701583/definition->/UGC3701583/SVR_GoodTime_Cordon/Cordon->/UGC3701583/SVR_GoodTime_Cordon/Models/Merged/Base2_veh_merged->/UGC3701583/SVR_GoodTime_Cordon/Materials/Veh_molokovoz->/UGC3701583/SVR_GoodTime_Cordon/Textures/veh_molokovoz,41225,None
0,/UGC3701583/SVR_GoodTime_Cordon/Textures/veh_uaz_2,/Script/Engine.Texture2D,Soft From Unassigned Package? Best Guess: /UGC3701583/definition->/UGC3701583/SVR_GoodTime_Cordon/Cordon->/UGC3701583/SVR_GoodTime_Cordon/Models/Merged/Base2_veh_merged->/UGC3701583/SVR_GoodTime_Cordon/Materials/Veh_uaz_2->/UGC3701583/SVR_GoodTime_Cordon/Textures/veh_uaz_2,41209,None
0,/UGC3701583/SVR_GoodTime_Cordon/Textures/veh_uazik_new,/Script/Engine.Texture2D,Soft From Unassigned Package? Best Guess: /UGC3701583/definition->/UGC3701583/SVR_GoodTime_Cordon/Cordon->/UGC3701583/SVR_GoodTime_Cordon/Models/Merged/Base0->/UGC3701583/SVR_GoodTime_Cordon/Materials/Veh_uazik->/UGC3701583/SVR_GoodTime_Cordon/Textures/veh_uazik_new,41225,None
0,/UGC3701583/SVR_GoodTime_Cordon/Textures/veh_vagon1_01,/Script/Engine.Texture2D,Soft From Unassigned Package? Best Guess: /UGC3701583/SVR_GoodTime_Cordon/Models/Merged/SM_MERGED_Tractor_11->/UGC3701583/SVR_GoodTime_Cordon/Materials/Veh_vagon1_01->/UGC3701583/SVR_GoodTime_Cordon/Textures/veh_vagon1_01,41225,None
0,/UGC3701583/SVR_GoodTime_Cordon/Textures/veh_vagoni_cpm,/Script/Engine.Texture2D,Soft From Unassigned Package? Best Guess: /UGC3701583/SVR_GoodTime_Cordon/Models/Merged/SM_MERGED_Tractor_11->/UGC3701583/SVR_GoodTime_Cordon/Materials/Veh_vagoni_cpm->/UGC3701583/SVR_GoodTime_Cordon/Textures/veh_vagoni_cpm,41228,None
0,/UGC3701583/SVR_GoodTime_Cordon/Textures/veh_zil,/Script/Engine.Texture2D,Soft From Unassigned Package? Best Guess: /UGC3701583/definition->/UGC3701583/SVR_GoodTime_Cordon/Cordon->/UGC3701583/SVR_GoodTime_Cordon/Models/Merged/Base1->/UGC3701583/SVR_GoodTime_Cordon/Materials/Zil->/UGC3701583/SVR_GoodTime_Cordon/Textures/veh_zil,41207,None
0,/UGC3701583/SVR_GoodTime_Cordon/Textures/wood,/Script/Engine.Texture2D,Soft From Unassigned Package? Best Guess: /UGC3701583/definition->/UGC3701583/SVR_GoodTime_Cordon/Cordon->/UGC3701583/SVR_GoodTime_Cordon/Materials/IWood->/UGC3701583/SVR_GoodTime_Cordon/Textures/wood,41201,None
